{
    "name": "sliphover",
    "title": "SlipHover",
    "description": "Apply direction aware  2D/3D hover effect to images",
    "keywords": [
        "direction-aware",
        "animation",
        "effect",
        "hover",
        "image",
        "caption",
        "overlay",
        "gallery"
    ],
    "version": "2.0.0",
    "author": {
        "name": "wayou",
        "email": "liuwayong@gmail.com",
        "url": "https://github.com/wayou"
    },
    "maintainers": [
        {
            "name": "wayou",
            "email": "liuwayong@gmail.com",
            "url": "https://github.com/wayou"
        }
    ],
    "licenses": [
        {
            "type": "MIT",
            "url": "https://github.com/jquery/jquery-color/blob/2.1.2/MIT-LICENSE.txt"
        }
    ],
    "bugs": "https://github.com/wayou/sliphover/issues",
    "homepage": "http://wayou.github.io/SlipHover/",
    "docs": "http://wayou.github.io/SlipHover/",
    "demo":"http://wayou.github.io/SlipHover/",
    "download": "https://github.com/wayou/SlipHover/zipball/master",
    "dependencies": {
        "jquery": ">=1.5"
    }
}